Id,Student Name,Book Issued
7,Vivek,Thook
8,Aditya,Harry Potter
9,Yash,Harry Potter
10,Rupal,Harry Potter
11,Aditya,Harry Potter
12,Aditya,Harry Potter
13,Aditya,Flamingo
14,Aditya,Thook
15,Aditya,Crook
16,Aditya,Harry Potter
19,Vivek,Thook
20,Aditya,Harry Potter
21,Yash,Harry Potter
22,Rupal,Harry Potter
23,Aditya,Harry Potter
24,Aditya,Harry Potter
25,Aditya,Flamingo
26,Aditya,Thook
27,Aditya,Crook
28,Aditya,Harry Potter
29,Vivek,Thook
30,Aditya,Harry Potter
31,Yash,Harry Potter
32,Rupal,Harry Potter
33,Aditya,Harry Potter
34,Aditya,Harry Potter
35,Aditya,Flamingo
36,Aditya,Thook
37,Aditya,Crook
38,Aditya,Harry Potter
